-- ============================================================
-- Тестовые данные для базы Schedule
-- ============================================================

USE `Schedule`;

-- --------------------------------------------------------
-- 1. Подразделения (иерархия: университет -> школа -> кафедра)
-- --------------------------------------------------------
INSERT INTO `departments` (`department_id`, `name`, `parent_id`, `level`) VALUES
(1, 'Университет', NULL, 'university'),
(2, 'Школа ИМКТ', 1, 'school'),
(3, 'Школа Экономики', 1, 'school'),
(4, 'Кафедра математики', 2, 'chair'),
(5, 'Кафедра ИТ', 2, 'chair'),
(6, 'Кафедра экономики', 3, 'chair');

-- --------------------------------------------------------
-- 2. Академические группы
-- --------------------------------------------------------
INSERT INTO `academic_groups` (`academic_group_id`, `code`, `direction`, `course`) VALUES
(1, 'Б9124', 'Программная инженерия', 1),
(2, 'Б9125', 'Программная инженерия', 1),
(3, 'Б9224', 'Программная инженерия', 2),
(4, 'Б9324', 'Программная инженерия', 3),
(5, 'Б9130', 'Прикладная математика', 1),
(6, 'Б9140', 'Экономика', 1);

-- --------------------------------------------------------
-- 3. Учебные группы
-- --------------------------------------------------------
INSERT INTO `groups` (`group_id`, `name`, `students_count`) VALUES
(1, 'Б9124-09.03.03-Пикд', 28),
(2, 'Б9124-09.03.03-Пикр', 25),
(3, 'Б9125-09.03.03-Пикд', 30),
(4, 'Б9125-09.03.03-Пикр', 22),
(5, 'Б9224-09.03.03-Пикд', 26),
(6, 'Б9324-09.03.03-Пикд', 24),
(7, 'Б9130-01.03.02-Кмд', 20),
(8, 'Б9140-38.03.01-Эк', 30);

-- --------------------------------------------------------
-- 4. Связь учебные <-> академические группы
-- --------------------------------------------------------
INSERT INTO `group_academic_link` (`group_id`, `academic_group_id`, `is_main`) VALUES
(1, 1, 1),  -- Б9124-Пикд -> академ Б9124 (id=1)
(2, 1, 0),  -- Б9124-Пикр -> академ Б9124 (id=1)
(3, 2, 1),  -- Б9125-Пикд -> академ Б9125 (id=2)
(4, 2, 0),  -- Б9125-Пикр -> академ Б9125 (id=2)
(5, 3, 1),  -- Б9224-Пикд -> академ Б9224 (id=3)
(6, 4, 1),  -- Б9324-Пикд -> академ Б9324 (id=4)
(7, 5, 1),  -- Б9130-Кмд  -> академ Б9130 (id=5)
(8, 6, 1);  -- Б9140-Эк   -> академ Б9140 (id=6)

-- --------------------------------------------------------
-- 5. Дисциплины
-- --------------------------------------------------------
INSERT INTO `disciplines` (`discipline_id`, `discipline_name`) VALUES
(1, 'Математический анализ'),
(2, 'Аналитическая геометрия и компьютерная графика'),
(3, 'Программирование на C++'),
(4, 'Базы данных'),
(5, 'Физика'),
(6, 'История России'),
(7, 'Дискретная математика'),
(8, 'Операционные системы'),
(9, 'Компьютерные сети'),
(10, 'Экономическая теория');

-- --------------------------------------------------------
-- 6. Часы по видам занятий
-- --------------------------------------------------------
INSERT INTO `discipline_hours` (`discipline_id`, `lecture_hours`, `practice_hours`, `lab_hours`, `assessment_type`) VALUES
(1, 36, 18, 0, 'exam'),
(2, 18, 18, 18, 'exam'),
(3, 18, 0, 36, 'exam'),
(4, 18, 0, 36, 'credit'),
(5, 18, 18, 0, 'exam'),
(6, 18, 0, 0, 'credit'),
(7, 18, 18, 0, 'exam'),
(8, 18, 0, 36, 'credit'),
(9, 18, 18, 0, 'credit'),
(10, 36, 0, 0, 'exam');

-- --------------------------------------------------------
-- 7. Преподаватели
-- --------------------------------------------------------
INSERT INTO `teachers` (`teacher_id`, `first_name`, `middle_name`, `last_name`, `school`, `department`, `chair`, `degree`, `title`, `position`, `type`) VALUES
(1, 'Ирина', 'Алексеевна', 'Курочкина', 'Школа ИМКТ', 'Департамент Мат. и комп. моделирования', 'Кафедра математики', 'к.ф.-м.н.', 'доцент', 'ст. преподаватель', 'math'),
(2, 'Юрий', 'Александрович', 'Клевчихин', 'Школа ИМКТ', 'Департамент математики', 'Кафедра математики', 'д.ф.-м.н.', 'профессор', 'профессор', 'math'),
(3, 'Алексей', 'Петрович', 'Смирнов', 'Школа ИМКТ', 'Департамент ИТ', 'Кафедра ИТ', 'к.т.н.', 'доцент', 'ст. преподаватель', 'programming'),
(4, 'Мария', 'Ивановна', 'Петрова', 'Школа ИМКТ', 'Департамент ИТ', 'Кафедра ИТ', 'к.т.н.', '', 'ассистент', 'programming'),
(5, 'Владимир', 'Николаевич', 'Иванов', 'Школа ИМКТ', 'Департамент ИТ', 'Кафедра ИТ', 'д.т.н.', 'профессор', 'профессор', 'programming'),
(6, 'Елена', 'Сергеевна', 'Сидорова', 'Школа Экономики', 'Департамент экономики', 'Кафедра экономики', 'к.э.н.', 'доцент', 'доцент', 'economics'),
(7, 'Дмитрий', 'Владимирович', 'Козлов', 'Школа ИМКТ', 'Департамент ИТ', 'Кафедра ИТ', 'к.т.н.', '', 'ассистент', 'programming');

-- --------------------------------------------------------
-- 8. Предпочтения преподавателей
-- --------------------------------------------------------
INSERT INTO `teacher_preferences` (`teacher_id`, `day_of_week`, `period`, `preference_type`) VALUES
(1, 2, 1, 'prefer'),   -- Курочкина предпочитает вторник 1-ю пару
(3, 3, 2, 'prefer'),   -- Смирнов предпочитает среду 2-ю пару
(3, 4, 1, 'avoid'),    -- Смирнов избегает четверг 1-ю пару
(6, 1, 3, 'prefer');   -- Петрова предпочитает понедельник 3-ю пару

-- --------------------------------------------------------
-- 9. Учебные помещения
-- --------------------------------------------------------
INSERT INTO `rooms` (`room_id`, `building`, `room_number`, `room_type`, `seats`) VALUES
(1,  'Д', '101', 'lecture', 200),
(2,  'Д', '205', 'lecture', 150),
(3,  'Д', '301', 'lab', 30),
(4,  'Д', '302', 'lab', 25),
(5,  'Д', '303', 'computer', 30),
(6,  'А', '101', 'practical', 40),
(7,  'А', '102', 'practical', 35),
(8,  'А', '201', 'lecture', 120),
(9,  'Б', '101', 'lab', 25),
(10, 'Б', '102', 'computer', 20),
(11, 'Б', '201', 'practical', 30);

-- --------------------------------------------------------
-- 10. Расписание звонков
-- --------------------------------------------------------
INSERT INTO `time_periods` (`period_id`, `period_number`, `time_range`) VALUES
(1, 1, '8:30-10:00'),
(2, 2, '10:10-11:40'),
(3, 3, '11:50-13:20'),
(4, 4, '13:30-15:00'),
(5, 5, '15:10-16:40'),
(6, 6, '16:50-18:20'),
(7, 7, '18:30-19:00'),
(8, 8, '19:10-20:40');

-- --------------------------------------------------------
-- 10. Расстояния между корпусами (в минутах ходьбы)
-- --------------------------------------------------------
INSERT INTO `building_distances` (`from_building`, `to_building`, `walk_minutes`) VALUES
-- Внутри одного корпуса
('A', 'A', 0),
('B', 'B', 0),
('C', 'C', 0),
('D', 'D', 0),
('E', 'E', 0),
('F', 'F', 0),
('G', 'G', 0),
-- A - B: 5 мин
('A', 'B', 5), ('B', 'A', 5),
-- A - C: 8 мин
('A', 'C', 8), ('C', 'A', 8),
-- A - D: 12 мин
('A', 'D', 12), ('D', 'A', 12),
-- A - E: 10 мин
('A', 'E', 10), ('E', 'A', 10),
-- A - F: 15 мин
('A', 'F', 15), ('F', 'A', 15),
-- A - G: 20 мин
('A', 'G', 20), ('G', 'A', 20),
-- B - C: 5 мин
('B', 'C', 5), ('C', 'B', 5),
-- B - D: 10 мин
('B', 'D', 10), ('D', 'B', 10),
-- B - E: 8 мин
('B', 'E', 8), ('E', 'B', 8),
-- B - F: 12 мин
('B', 'F', 12), ('F', 'B', 12),
-- B - G: 18 мин
('B', 'G', 18), ('G', 'B', 18),
-- C - D: 7 мин
('C', 'D', 7), ('D', 'C', 7),
-- C - E: 6 мин
('C', 'E', 6), ('E', 'C', 6),
-- C - F: 10 мин
('C', 'F', 10), ('F', 'C', 10),
-- C - G: 15 мин
('C', 'G', 15), ('G', 'C', 15),
-- D - E: 12 мин
('D', 'E', 12), ('E', 'D', 12),
-- D - F: 8 мин
('D', 'F', 8), ('F', 'D', 8),
-- D - G: 10 мин
('D', 'G', 10), ('G', 'D', 10),
-- E - F: 15 мин
('E', 'F', 15), ('F', 'E', 15),
-- E - G: 18 мин
('E', 'G', 18), ('G', 'E', 18),
-- F - G: 8 мин
('F', 'G', 8), ('G', 'F', 8);

-- --------------------------------------------------------
-- 11. Типы занятий
-- --------------------------------------------------------
INSERT INTO `lesson_types` (`lesson_type_id`, `name`) VALUES
(1, 'Лекция'),
(2, 'Практика'),
(3, 'Лабораторная работа'),
(4, 'Зачёт'),
(5, 'Экзамен'),
(6, 'Консультация');

-- --------------------------------------------------------
-- 12. Производственный календарь (пример: сентябрь 2026 - январь 2027)
-- --------------------------------------------------------
-- Праздничные дни РФ
INSERT INTO `calendar_days` (`day_date`, `is_working`, `is_holiday`) VALUES
-- Ноябрь
('2026-11-04', 0, 1),  -- День народного единства
-- Январь (новогодние каникулы)
('2027-01-01', 0, 1),
('2027-01-02', 0, 1),
('2027-01-03', 0, 1),
('2027-01-04', 0, 1),
('2027-01-05', 0, 1),
('2027-01-06', 0, 1),
('2027-01-07', 0, 1),  -- Рождество
('2027-01-08', 0, 1),
('2027-01-11', 0, 1),  -- понедельник после каникул — обычно выходной

-- Рабочие дни (пример, первый месяц семестра)
('2026-09-01', 1, 0),  -- вторник — начало семестра
('2026-09-02', 1, 0),
('2026-09-03', 1, 0),
('2026-09-04', 1, 0),
('2026-09-05', 1, 0),
('2026-09-06', 1, 0),  -- суббота
('2026-09-07', 0, 0),  -- воскресенье
('2026-09-08', 1, 0),
('2026-09-09', 1, 0),
('2026-09-10', 1, 0),
('2026-09-11', 1, 0),
('2026-09-12', 1, 0),
('2026-09-13', 1, 0),
('2026-09-14', 1, 1),  -- суббота — предпраздничный (День знаний)
('2026-09-15', 0, 0),  -- воскресенье
('2026-09-16', 1, 0),
('2026-09-17', 1, 0),
('2026-09-18', 1, 0),
('2026-09-19', 1, 0),
('2026-09-20', 1, 0),
('2026-09-21', 1, 0),
('2026-09-22', 0, 0),  -- воскресенье
('2026-09-23', 1, 0),
('2026-09-24', 1, 0),
('2026-09-25', 1, 0),
('2026-09-26', 1, 0),
('2026-09-27', 1, 0),
('2026-09-28', 1, 0),
('2026-09-29', 0, 0),  -- воскресенье
('2026-09-30', 1, 0),
('2026-10-01', 1, 0),
('2026-10-02', 1, 0),
('2026-10-03', 1, 0),
('2026-10-04', 1, 0),
('2026-10-05', 1, 0),
('2026-10-06', 0, 0),  -- воскресенье
('2026-10-07', 1, 0),
('2026-10-08', 1, 0),
('2026-10-09', 1, 0),
('2026-10-10', 1, 0),
('2026-10-11', 1, 0),
('2026-10-12', 1, 0),
('2026-10-13', 0, 0),  -- воскресенье
('2026-10-14', 1, 0),
('2026-10-15', 1, 0),
('2026-10-16', 1, 0),
('2026-10-17', 1, 0),
('2026-10-18', 1, 0),
('2026-10-19', 1, 0),
('2026-10-20', 0, 0),  -- воскресенье
('2026-10-21', 1, 0),
('2026-10-22', 1, 0),
('2026-10-23', 1, 0),
('2026-10-24', 1, 0),
('2026-10-25', 1, 0),
('2026-10-26', 1, 0),
('2026-10-27', 0, 0),  -- воскресенье
('2026-10-28', 1, 0),
('2026-10-29', 1, 0),
('2026-10-30', 1, 0),
('2026-10-31', 1, 0),
('2026-11-01', 1, 0),
('2026-11-02', 1, 0),
('2026-11-03', 0, 0),  -- воскресенье
('2026-11-05', 1, 0),  -- после праздника
('2026-11-06', 1, 0),
('2026-11-07', 1, 0),
('2026-11-08', 1, 0),
('2026-11-09', 1, 0),
('2026-11-10', 1, 0),
('2026-11-11', 0, 0),  -- воскресенье
('2026-11-12', 1, 0),
('2026-11-13', 1, 0),
('2026-11-14', 1, 0),
('2026-11-15', 1, 0),
('2026-11-16', 1, 0),
('2026-11-17', 1, 0),
('2026-11-18', 0, 0),  -- воскресенье
('2026-11-19', 1, 0),
('2026-11-20', 1, 0),
('2026-11-21', 1, 0),
('2026-11-22', 1, 0),
('2026-11-23', 1, 0),
('2026-11-24', 1, 0),
('2026-11-25', 0, 0),  -- воскресенье
('2026-11-26', 1, 0),
('2026-11-27', 1, 0),
('2026-11-28', 1, 0),
('2026-11-29', 1, 0),
('2026-11-30', 1, 0),
('2026-12-01', 1, 0),
('2026-12-02', 0, 0),  -- воскресенье
('2026-12-03', 1, 0),
('2026-12-04', 1, 0),
('2026-12-05', 1, 0),
('2026-12-06', 1, 0),
('2026-12-07', 1, 0),
('2026-12-08', 1, 0),
('2026-12-09', 0, 0),  -- воскресенье
('2026-12-10', 1, 0),
('2026-12-11', 1, 0),
('2026-12-12', 1, 0),
('2026-12-13', 1, 0),
('2026-12-14', 1, 0),
('2026-12-15', 1, 0),
('2026-12-16', 0, 0),  -- воскресенье
('2026-12-17', 1, 0),
('2026-12-18', 1, 0),
('2026-12-19', 1, 0),
('2026-12-20', 1, 0),
('2026-12-21', 1, 0),
('2026-12-22', 1, 0),
('2026-12-23', 0, 0),  -- воскресенье
('2026-12-24', 1, 0),
('2026-12-25', 1, 0),
('2026-12-26', 1, 0),
('2026-12-27', 1, 0),
('2026-12-28', 1, 0),
('2026-12-29', 1, 0),
('2026-12-30', 0, 0),  -- воскресенье
('2026-12-31', 1, 0),  -- последний рабочий день
('2027-01-09', 1, 0),  -- начало 2 семестра
('2027-01-10', 1, 0),
('2027-01-12', 1, 0),
('2027-01-13', 1, 0),
('2027-01-14', 1, 0),
('2027-01-15', 1, 0),
('2027-01-16', 1, 0),
('2027-01-17', 0, 0),
('2027-01-18', 1, 0),
('2027-01-19', 1, 0),
('2027-01-20', 1, 0),
('2027-01-21', 1, 0),
('2027-01-22', 1, 0),
('2027-01-23', 1, 0),
('2027-01-24', 0, 0),
('2027-01-25', 1, 0),
('2027-01-26', 1, 0),
('2027-01-27', 1, 0),
('2027-01-28', 1, 0),
('2027-01-29', 1, 0),
('2027-01-30', 1, 0),
('2027-01-31', 0, 0);

-- --------------------------------------------------------
-- 14. Пример пользователя-администратора
-- password_hash нужно заменить на реальный: SELECT PASSWORD('admin123')
-- --------------------------------------------------------
-- INSERT INTO `users` (`user_id`, `login`, `password_hash`, `role`) VALUES
-- (1, 'admin', '*,*,*,*,*,*,*,*,*,*,*,*', 'admin');

-- --------------------------------------------------------
-- 15. Расписание (lesson_card) — пример для семестра 2026
-- Семестр начинается 01.09.2026 (вторник)
-- --------------------------------------------------------

-- Группа 1 (Б9124-Пикд, group_id=1) — чётная неделя
INSERT INTO `lesson_card` (`semester_date`, `week_type`, `discipline_id`, `lesson_type_id`, `group_id`, `teacher_id`, `room_id`, `period_id`) VALUES
-- Неделя 1 (01-04 сентября, чётная)
('2026-09-01', 'even', 1, 1, 1, 1, 3, 1),    -- Мат. анализ, лекция, Курочкина, Д-301, 1 пара
('2026-09-01', 'even', 3, 3, 1, 3, 5, 2),    -- C++, лаб, Смирнов, Д-303, 2 пара
('2026-09-02', 'even', 2, 1, 1, 2, 1, 1),    -- Аналит. геометрия, лекция, Клевчихин, Д-101, 1 пара
('2026-09-02', 'even', 2, 3, 1, 1, 3, 3),    -- Аналит. геометрия, лаб, Курочкина, Д-301, 3 пара
('2026-09-03', 'even', 5, 1, 1, 5, 8, 2),    -- Физика, лекция, Иванова, А-201, 2 пара
('2026-09-03', 'even', 7, 2, 1, 7, 6, 4),    -- Дискретная математика, практика, Козлов, А-101, 4 пара
('2026-09-04', 'even', 4, 3, 1, 4, 5, 1),    -- Базы данных, лаб, Петрова, Д-303, 1 пара
('2026-09-04', 'even', 9, 2, 1, 6, 11, 3),   -- Компьютерные сети, практика, Петрова, Б-201, 3 пара
('2026-09-04', 'all', 6, 1, 1, 6, 7, 5),     -- История России, всегда, Петрова, А-102, 5 пара

-- Неделя 2 (08-11 сентября, чётная)
('2026-09-08', 'even', 1, 1, 1, 1, 3, 1),
('2026-09-08', 'even', 3, 3, 1, 3, 5, 2),
('2026-09-09', 'even', 2, 1, 1, 2, 1, 1),
('2026-09-09', 'even', 2, 3, 1, 1, 3, 3),
('2026-09-10', 'even', 5, 1, 1, 5, 8, 2),
('2026-09-10', 'even', 7, 2, 1, 7, 6, 4),
('2026-09-11', 'even', 4, 3, 1, 4, 5, 1),
('2026-09-11', 'even', 9, 2, 1, 6, 11, 3),
('2026-09-11', 'all', 6, 1, 1, 6, 7, 5);

-- Группа 2 (Б9124-Пикр, group_id=2) — подгруппа
INSERT INTO `lesson_card` (`semester_date`, `week_type`, `discipline_id`, `lesson_type_id`, `group_id`, `teacher_id`, `room_id`, `period_id`) VALUES
-- Неделя 1
('2026-09-01', 'even', 1, 1, 2, 1, 6, 3),    -- Мат. анализ, практика, Курочкина, А-101, 3 пара
('2026-09-01', 'even', 3, 3, 2, 3, 9, 1),    -- C++, лаб, Смирнов, Б-101, 1 пара
('2026-09-02', 'even', 2, 2, 2, 2, 8, 2),    -- Аналит. геометрия, практика, Клевчихин, А-201, 2 пара
('2026-09-03', 'even', 5, 1, 2, 5, 8, 4),    -- Физика, лекция, Иванова, А-201, 4 пара
('2026-09-03', 'even', 7, 2, 2, 7, 6, 5),    -- Дискретная математика, практика, Козлов, А-101, 5 пара
('2026-09-04', 'even', 4, 3, 2, 4, 5, 2),    -- Базы данных, лаб, Петрова, Д-303, 2 пара
('2026-09-04', 'all', 6, 1, 2, 6, 7, 1),     -- История, всегда, Петрова, А-102, 1 пара

-- Неделя 2
('2026-09-08', 'even', 1, 1, 2, 1, 6, 3),
('2026-09-08', 'even', 3, 3, 2, 3, 9, 1),
('2026-09-09', 'even', 2, 2, 2, 2, 8, 2),
('2026-09-10', 'even', 5, 1, 2, 5, 8, 4),
('2026-09-10', 'even', 7, 2, 2, 7, 6, 5),
('2026-09-11', 'even', 4, 3, 2, 4, 5, 2),
('2026-09-11', 'all', 6, 1, 2, 6, 7, 1);

-- Группа 3 (Б9125-Пикд, group_id=3)
INSERT INTO `lesson_card` (`semester_date`, `week_type`, `discipline_id`, `lesson_type_id`, `group_id`, `teacher_id`, `room_id`, `period_id`) VALUES
('2026-09-01', 'even', 1, 1, 3, 1, 1, 3),    -- Мат. анализ, лекция, Курочкина, Д-101, 3 пара
('2026-09-01', 'even', 3, 3, 3, 3, 5, 4),    -- C++, лаб, Смирнов, Д-303, 4 пара
('2026-09-02', 'even', 2, 1, 3, 2, 1, 2),    -- Аналит. геометрия, лекция, Клевчихин, Д-101, 2 пара
('2026-09-02', 'even', 7, 2, 3, 7, 6, 5),    -- Дискретная математика, практика, Козлов, А-101, 5 пара
('2026-09-03', 'even', 5, 1, 3, 5, 8, 1),    -- Физика, лекция, Иванова, А-201, 1 пара
('2026-09-03', 'even', 4, 3, 3, 4, 5, 2),    -- Базы данных, лаб, Петрова, Д-303, 2 пара
('2026-09-04', 'all', 6, 1, 3, 6, 7, 3),     -- История, всегда, Петрова, А-102, 3 пара
('2026-09-04', 'even', 10, 1, 3, 6, 1, 4),   -- Эконом. теория, Петрова, Д-101, 4 пара

('2026-09-08', 'even', 1, 1, 3, 1, 1, 3),
('2026-09-08', 'even', 3, 3, 3, 3, 5, 4),
('2026-09-09', 'even', 2, 1, 3, 2, 1, 2),
('2026-09-09', 'even', 7, 2, 3, 7, 6, 5),
('2026-09-10', 'even', 5, 1, 3, 5, 8, 1),
('2026-09-10', 'even', 4, 3, 3, 4, 5, 2),
('2026-09-11', 'all', 6, 1, 3, 6, 7, 3),
('2026-09-11', 'even', 10, 1, 3, 6, 1, 4);
